id,name,name_id,url,country,date_live,date_added,usdt,fiat,auto,volume_usd,udate,volume_usd_adj
1,1Broker,_1broker,https://1broker.com/,Marshall Islands,2011-09-16,0000-00-00 00:00:00,0,1,No,0.0,Recently,0.0
2,1BTCXE,_1btcxe,https://1btcxe.com,"Panama City, Republic of Panama
",2014-01-01,0000-00-00 00:00:00,0,1,Yes,0.0,NA,0.0
3,ACX,acx,https://acx.io,Australia,2016-04-01,0000-00-00 00:00:00,0,1,Yes,0.0,Recently,0.0
4,ANXPro,anxpro,https://anxpro.com,"Hong Kong, China",2014-02-01,0000-00-00 00:00:00,0,1,Yes,416.61024585076,NA,416.61024585076
5,Binance,binance,https://www.binance.com,Japan,2014-01-01,0000-00-00 00:00:00,1,0,Yes,14838664448.805857,Recently,155184639296.28253
6,Bit2C,bit2c,https://www.bit2c.co.il,Israel,2013-05-01,0000-00-00 00:00:00,0,1,Yes,70426.12533692233,Lag,70426.12533692233
7,BitBay,bitbay,https://bitbay.net,Poland,2014-01-01,0000-00-00 00:00:00,0,1,Yes,16391511.492858244,Recently,350844.41229665506
8,Bitcoin.co.id,bitcoincoid,https://www.bitcoin.co.id,Indonesia,2015-01-01,0000-00-00 00:00:00,0,1,Yes,0.0,NA,0.0
9,Bitfinex,bitfinex2,https://www.bitfinex.com,Hong Kong,2012-01-01,0000-00-00 00:00:00,1,0,Yes,872357705.0292284,Recently,925914179.3015095
10,bitFlyer,bitflyer,https://bitflyer.com/,Japan,2014-01-09,0000-00-00 00:00:00,0,1,Yes,125930497.45680943,Recently,38209393.02892996
11,Bithumb,bithumb,https://www.bithumb.com,South Korea,2013-01-01,0000-00-00 00:00:00,0,1,Yes,0.0,Lag,0.0
12,bitlish,bitlish,https://bitlish.com,UK,2014-01-01,0000-00-00 00:00:00,0,1,Yes,0.0,Lag,0.0
13,BitMarket,bitmarket,https://www.bitmarket.net/,"Poland, EU",,0000-00-00 00:00:00,0,0,No,830158.1227909212,Lag,0.0
14,BitMEX,bitmex,https://www.bitmex.com/,Seychelles,2014-01-01,2018-05-21 00:00:00,0,0,Yes,0.0,Recently,0.0
15,Bitso,bitso,https://bitso.com,Mexico,2014-01-01,0000-00-00 00:00:00,0,0,Yes,22478098.758383818,Recently,6576897.018520014
16,Bitstamp,bitstamp,https://www.bitstamp.net/,"Luxembourg, Luxembourg; Slovenia",2011-00-00,0000-00-00 00:00:00,0,0,Yes,285915144.9683881,Recently,24173027.216871727
17,Bittrex,bittrex,https://bittrex.com/,"Seattle, Washington, United States",2014-00-00,0000-00-00 00:00:00,0,0,Yes,63580185.87364547,Recently,23508703.764788248
18,BL3P,bl3p,https://bl3p.eu,"Netherlands, EU",,0000-00-00 00:00:00,0,0,Yes,303777.29922676,Recently,0.0
19,Bleutrade,bleutrade,https://bleutrade.com,Brazil,2017-01-01,0000-00-00 00:00:00,0,0,Yes,255.72471608998703,Lag,255.72471608998703
21,BTCExchange,btcexchange,https://www.btcxchange.com,Philippines,,0000-00-00 00:00:00,0,0,Yes,0.0,NA,0.0
22,BTC Markets,btcmarkets,https://btcmarkets.net/,Australia,,0000-00-00 00:00:00,0,0,Yes,8088954.484525669,Recently,429858.24749301496
24,BTCTurk,btcturk,https://www.btcturk.com,Turkey,,0000-00-00 00:00:00,0,0,Yes,110061240.76170754,Recently,20232664.871848542
25,BTCX,btcx,https://bt.cx,"Iceland, US, EU",,0000-00-00 00:00:00,0,0,Yes,0.0,NA,0.0
26,Bter,bter,bter.com,"British Virgin Islands, China",,0000-00-00 00:00:00,0,0,Yes,0.0,NA,0.0
27,BX.in.th,bxinth,https://bx.in.th,Thailand,,0000-00-00 00:00:00,0,0,Yes,0.0,Lag,0.0
28,C-CEX,ccex,https://www.c-cex.com,"Germany, EU",,0000-00-00 00:00:00,0,0,Yes,0.0,Lag,0.0
29,CEX.IO,cex,https://cex.io,"London, United Kingdom",2013-00-00,0000-00-00 00:00:00,0,1,Yes,22667498.06391665,Recently,4639880.381383599
30,CHBTC,chbtc,https://www.chbtc.com,China,,0000-00-00 00:00:00,0,0,Yes,0.0,NA,0.0
31,ChileBit,chilebit,https://chilebit.net,Chile,,0000-00-00 00:00:00,0,0,Yes,34218.3526285144,Recently,0.0
32,coincheck,coincheck,https://coincheck.com,"Tokyo, Japan",2014-00-00,0000-00-00 00:00:00,0,0,Yes,82769478.861046,Recently,11605399.36828368
33,coinfloor,coinfloor,https://www.coinfloor.co.uk,UK,,0000-00-00 00:00:00,0,0,Yes,1487770.2473206467,NA,1487770.2473206467
34,Coingi,coingi,https://coingi.com/,"Panama, Bulgaria, China, US",,0000-00-00 00:00:00,0,0,Yes,120.3175,Recently,120.3175
36,CoinMate,coinmate,https://coinmate.io,"UK, Czech Republic",,0000-00-00 00:00:00,0,0,Yes,225815.62043095598,Lag,225815.62043095598
37,Coinsecure,coinsecure,https://coinsecure.in/,India,,0000-00-00 00:00:00,0,0,Yes,0.0,NA,0.0
38,CoinSpot,coinspot,https://coinspot.com.au,Australia,,0000-00-00 00:00:00,0,0,Yes,0.0,NA,0.0
39,Cryptopia,cryptopia,https://www.cryptopia.co.nz,New Zealand,,0000-00-00 00:00:00,0,0,Yes,229401.08958191218,NA,229401.08958191218
40,DSX,dsx,https://dsx.uk/,UK,2018-01-01,0000-00-00 00:00:00,0,0,Yes,29999.931334815006,Lag,0.0
41,EXMO,exmo,https://exmo.com/,"Spain, Russia",2013-01-01,0000-00-00 00:00:00,0,0,Yes,67410153.38216588,Recently,1240627.892007342
42,flowBTC,flowbtc,https://trader.flowbtc.com/,Brazil,,0000-00-00 00:00:00,0,0,Yes,0.0,NA,0.0
43,FoxBit,foxbit,https://foxbit.exchange/,Brazil,,0000-00-00 00:00:00,0,0,Yes,0.0,Recently,0.0
46,Gatecoin,gatecoin,https://gatecoin.com/,Hong Kong,2013-00-00,0000-00-00 00:00:00,0,0,Yes,2455.0,NA,2455.0
47,GDAX,gdax,https://www.gdax.com/,"San Francisco, California, United States",2011-07-02,0000-00-00 00:00:00,0,0,Yes,61018282.541038156,Lag,61018282.541038156
48,Gemini,gemini,https://gemini.com,US,2014-01-01,0000-00-00 00:00:00,0,0,Yes,90985091.66031662,Recently,31544150.999316655
49,HitBTC,hitbtc2,https://hitbtc.com/,Hong Kong,2013-01-01,0000-00-00 00:00:00,1,0,Yes,6261244716.713026,Recently,929472244.4921186
50,Huobi,huobi,https://www.huobi.com/,Singapore,2013-01-01,2018-05-21 00:00:00,1,0,No,2403064920.7390213,Recently,465004221.8914673
53,Independent Reserve,independentreserve,https://www.independentreserve.com,"Australia, New Zealand",,0000-00-00 00:00:00,0,0,Yes,5076775.756545854,Recently,5076775.756545854
54,itBit,itbit,https://itbit.com,US,2013-01-01,0000-00-00 00:00:00,0,1,No,19237780.580121893,Lag,0.0
55,jubi.com,jubi,https://www.jubi.com/,China,,0000-00-00 00:00:00,0,0,Yes,0.0,NA,0.0
56,Kraken,kraken,https://www.kraken.com,"San Francisco, California, United States",2011-00-00,0000-00-00 00:00:00,0,0,Yes,1036522731.3083018,Recently,729363844.80272
57,LakeBTC,lakebtc,https://www.lakebtc.com,US,2013-00-00,0000-00-00 00:00:00,0,0,Yes,4555782.636599001,Lag,0.0
58,LiveCoin,livecoin,https://www.livecoin.net,"US, UK, Russia",2017-01-01,0000-00-00 00:00:00,0,0,Yes,0.0,Lag,0.0
59,Liqui,liqui,https://liqui.io,Ukraine,,0000-00-00 00:00:00,0,0,Yes,503.35853829542,NA,0.0
60,luno,luno,https://www.luno.com/en,"London, United Kingdom",2013-01-01,0000-00-00 00:00:00,0,0,Yes,1140681.6234983,Recently,1140681.6234983
61,Mercado Bitcoin,mercado,https://www.mercadobitcoin.com.br,Brazil,,0000-00-00 00:00:00,0,0,Yes,11287414.188683,Recently,226710.03740039273
62,MixCoins,mixcoins,https://mixcoins.com/,"UK, Hong Kong",,0000-00-00 00:00:00,0,0,Yes,12.511906344542,Lag,0.0
63,Novaexchange,nova,https://novaexchange.com,Tanzania,,0000-00-00 00:00:00,0,0,Yes,1124.0003733013768,Lag,1124.0003733013768
66,OKEX,okex,https://www.okex.com/,Hong Kong,2014-01-01,2018-05-21 00:00:00,1,0,No,5810718182.5862875,Recently,2827078964.757894
67,Paymium,paymium,https://www.paymium.com,"France, EU",,0000-00-00 00:00:00,0,0,Yes,5945.3374105033,Lag,5945.3374105033
68,Poloniex,poloniex,https://poloniex.com,"Wilmington, Delaware, United States",2014-00-00,0000-00-00 00:00:00,0,0,Yes,89285531.9989402,Recently,18830671.50521934
70,QUOINE,quoine,https://quoinex.com/,"Japan, Singapore, Vietnam",,0000-00-00 00:00:00,0,0,Yes,68508962.95760141,Lag,0.0
71,SouthXchange,southxchange,https://www.southxchange.com/,Argentina,,0000-00-00 00:00:00,0,0,Yes,270319.49448203243,Recently,270319.49448203243
72,SurBitcoin,surbitcoin,https://surbitcoin.com/,Venezuela,,0000-00-00 00:00:00,0,0,Yes,0.0,NA,0.0
73,Tidex,tidex,https://tidex.com,UK,2017-01-01,0000-00-00 00:00:00,0,0,No,5296929.055701693,Recently,5296929.055701693
74,TheRockTrading,therocktrading,https://www.therocktrading.com,Italy,2007-01-01,0000-00-00 00:00:00,0,1,No,1182304.34111505,Recently,1182304.34111505
75,UrduBit,urdubit,https://urdubit.com,Pakistan,,0000-00-00 00:00:00,0,0,Yes,0.0,NA,0.0
76,Vaultoro,vaultoro,https://www.vaultoro.com,Switzerland,,0000-00-00 00:00:00,0,0,Yes,0.0,NA,0.0
77,VBTC,vbtc,https://vbtc.exchange,Vietnam,,0000-00-00 00:00:00,0,0,Yes,0.0,NA,0.0
78,VirWoX,virwox,https://www.virwox.com,"Austria, EU",,0000-00-00 00:00:00,0,0,Yes,0.0,NA,0.0
79,WEX,wex,https://wex.nz/,New Zealand,,0000-00-00 00:00:00,0,0,Yes,2147356.1169679267,NA,2147356.1169679267
80,xBTCe,xbtce,https://www.xbtce.com/,Russia,,0000-00-00 00:00:00,0,0,Yes,4916.9149720000005,Lag,4916.9149720000005
81,YoBit,yobit,https://yobit.net/,Russia,,0000-00-00 00:00:00,0,0,Yes,257370776.32268697,Recently,37671568.64597069
82,YUNBI,yunbi,https://yunbi.com,China,,0000-00-00 00:00:00,0,0,Yes,0.0,NA,0.0
83,Zaif,zaif,https://zaif.jp,Japan,2015-00-00,0000-00-00 00:00:00,0,0,Yes,7142338.431921366,Recently,283134.22191124846
84,Coinone,coinone,https://coinone.co.kr,Korea,2016-01-01,0000-00-00 00:00:00,0,0,No,210830403.2026578,Recently,35552239.12303307
85,ZB.com,zb,https://www.zb.com,China,2017-01-01,0000-00-00 00:00:00,1,0,No,1073548446.5536834,Recently,36819700.00420989
86,Coinnest,coinnest,https://www.coinnest.co.kr,Korea,2017-01-01,0000-00-00 00:00:00,0,0,No,0.0,Lag,0.0
87,Korbit,korbit,https://www.korbit.co.kr,Korea,2013-01-01,0000-00-00 00:00:00,0,0,No,8271454.120868955,Recently,232657.9106874325
90,Coinroom,coinroom,https://coinroom.com,Poland,2017-01-01,0000-00-00 00:00:00,0,0,No,2657960.9005570333,NA,2657960.9005570333
96,Kucoin,kucoin,https://www.kucoin.com,Hong Kong,2014-01-01,0000-00-00 00:00:00,0,0,No,2504866369.9693174,Recently,1951734103.5478137
98,Bitsane,bitsane,https://bitsane.com,Ireland,2016-01-01,0000-00-00 00:00:00,0,0,No,121018144.91110094,Lag,0.0
99,Exx,exx,https://www.exx.com,China,2017-01-01,0000-00-00 00:00:00,0,0,No,330615143.45862764,Lag,291108.4465899978
100,Gate,gate,https://gate.io/,"Virginia, US",2017-00-00,0000-00-00 00:00:00,0,0,No,925956091.8351995,Recently,2330089517.873282
102,Bit-z,bit-z,https://www.bit-z.com,"Hong Kong, Beijing, Singapore",2016-01-01,0000-00-00 00:00:00,1,0,No,37301205.5488,Lag,0.0
103,Lbank,lbank,https://www.lbank.info,HK,2017-01-01,2018-05-01 00:00:00,1,0,No,1010339340.4781876,Recently,158508401.11491936
104,Simex Global,simex,https://simex.global/en,"Las Vegas, NV",2015-01-01,2018-05-01 00:00:00,1,1,No,129293335.74901,Recently,242801.92408528828
105,BCex,bcex,https://www.bcex.ca,Vancouver,2017-09-01,2018-05-01 00:00:00,1,0,No,0.0,Recently,0.0
106,Coinbene,coinbene,https://www.coinbene.com/,Singapore,2017-10-01,2018-05-01 00:00:00,1,0,No,0.0,Lag,0.0
107,Bibox,bibox,https://www.bibox.com/,China,2017-09-01,2018-05-02 00:00:00,1,0,No,364315768.52822804,Recently,13246255.67794561
108,Sistemkoin,sistemkoin,https://sistemkoin.com/,Turkey,2017-01-01,2018-05-03 00:00:00,0,1,No,58795829.15401278,Lag,58795829.15401278
109,Vebitcoin,vebitcoin,https://www.vebitcoin.com,Turkey,,2018-05-03 00:00:00,0,1,No,48211572.99255482,Lag,48211572.99255482
111,C2cx,c2cx,https://www.c2cx.com,China,,2018-05-03 00:00:00,1,0,No,0.0,Lag,0.0
112,Quadrigacx,quadrigacx,https://www.quadrigacx.com,Canada,,2018-05-03 00:00:00,0,0,No,497475.6280800527,NA,497475.6280800527
113,Crex24,crex24,https://crex24.com,Cyprus,2017-01-01,2018-05-03 00:00:00,0,1,No,2507461.65856224,Recently,2507461.65856224
114,Btcc,btcc,https://btcc.com,"Hong Kong, China",2011-00-00,2018-05-07 00:00:00,0,1,Yes,0.0,NA,0.0
115,Dragonex,dragonex,https://dragonex.io,Thailand,2017-01-01,2018-05-07 00:00:00,1,0,No,519598713.5331335,Recently,1806448.5982672917
116,BTCbox,btcbox,https://www.btcbox.co.jp,"Chiba-cho, Nihonbashi, Chuo-ku, Tokyo",2014-00-00,2018-05-07 00:00:00,0,1,No,55939513.457879,Recently,55939513.457879
118,Otcbtc,otcbtc,https://otcbtc.com,Taiwan,,2018-05-07 00:00:00,1,0,No,1942.8970455546,Recently,1942.8970455546
119,Indodax,indodax,https://indodax.com,Indonesia,2014-01-01,2018-05-08 00:00:00,0,1,No,1859705.7215993297,Recently,735326.1312991781
120,Ooobtc,ooobtc,https://ooobtc.com,Singapore,,2018-05-08 00:00:00,0,0,No,149031.57753848354,Lag,0.0
121,Fatbtc,fatbtc,https://www.fatbtc.com,Seychelles,2014-01-01,2018-05-08 00:00:00,0,0,No,208731295.92873776,Recently,1101024.8987604594
122,Gopax,gopax,https://www.gopax.co.kr,South Korea,2016-01-01,2018-05-08 00:00:00,0,0,No,931480.7481272004,Recently,0.0
123,Bitbank,bitbank,https://bitbank.cc/,Japan,2016-01-01,2018-05-08 00:00:00,0,1,No,60871961.209785886,Recently,11121995.720823325
124,Braziliex,braziliex,https://braziliex.com/,Brazil,2017-01-01,2018-05-08 00:00:00,0,1,No,0.0,NA,0.0
125,BtcTrade.im,btctradeim,https://www.btctrade.im/,Hong Kong,,2018-05-08 00:00:00,0,0,No,7408781.928712622,NA,0.0
126,BTC TRADE UA ,btctradeua,https://btc-trade.com.ua,Ukraine,,2018-05-08 00:00:00,0,1,No,0.0,NA,0.0
128,Coinex,coinex,https://www.coinex.com/,China,2017-01-01,2018-05-08 00:00:00,1,0,No,95551581.07135552,Recently,46075581.01036505
129,Ethfinex,ethfinex,https://www.ethfinex.com,British Virgin Islands,2017-01-01,2018-05-08 00:00:00,0,0,No,908170.9839628545,Lag,0.0
130,GetBTC,getbtc,https://getbtc.org/,"St. Vincent & Grenadines, Russia
",,2018-05-08 00:00:00,0,1,No,0.0,NA,0.0
131,Kuna,kuna,https://kuna.io/,Ukraine,,2018-05-08 00:00:00,0,1,No,12513.4684111494,Recently,12513.4684111494
132,Lykke,lykke,https://www.lykke.com/,Switzerland,2017-01-01,2018-05-08 00:00:00,0,1,No,124642.666201556,Recently,124642.666201556
133,NegocieCoins,negociecoins,https://www.negociecoins.com.br/,Brazil,,2018-05-09 00:00:00,0,1,No,16747.9241587738,Lag,0.0
135,QRYPTOS,qryptos,https://www.qryptos.com/,"China, Taiwan",,2018-05-10 00:00:00,0,0,No,110957.58145141635,Lag,0.0
136,Coinrail,coinrail,https://coinrail.co.kr,Korea,,2018-05-10 00:00:00,0,1,No,6792.622428012341,Lag,6792.622428012341
139,Zebpay,zebpay,https://www.zebpay.com/,Singapore,2015-00-00,2018-05-11 00:00:00,0,1,No,2443791.202829615,Recently,2443791.202829615
140,Fexpro,fexpro,https://fexpro.io,Hong Kong,,2018-05-11 00:00:00,1,0,No,3026.242485821885,NA,0.0
141,B2bx,b2bx,https://www.b2bx.exchange,Russia,2017-01-01,2018-05-11 00:00:00,1,0,No,0.0,NA,0.0
143,Exrates,exrates,https://exrates.me/,Indonesia,2017-01-01,2018-05-11 00:00:00,0,1,No,33233800.905425016,Recently,33233800.905425016
146,IDAX,idax,https://www.idax.pro/,Mongolia,2018-01-01,2018-05-21 00:00:00,0,0,No,620151.3656441214,Lag,0.0
147,Cointiger,cointiger,https://www.cointiger.com/,Singapore,2017-01-01,2018-05-21 00:00:00,0,0,No,227738655.03382465,Recently,9146260.534895629
148,Allcoin,allcoin,https://www.allcoin.com/,Canada,2016-01-01,2018-05-21 00:00:00,0,0,No,5001.350856975457,Lag,0.0
149,Idex,idex,https://idex.market,Panama,2017-01-01,0000-00-00 00:00:00,0,0,No,15527.6037405482,Lag,15527.6037405482
152,Coinbe,coinbe,https://coinbe.net/,Poland,,2018-06-01 00:00:00,0,0,No,0.0,Lag,0.0
153,OpenLedger,openledger,https://openledger.io,Denmark,,2018-06-01 00:00:00,0,0,No,0.0,Lag,0.0
159,TideBit,tidebit,https://www.tidebit.com/,Hong Kong,2017-01-01,2018-06-02 00:00:00,0,1,No,0.0,Lag,0.0
162,Neraex,neraex,https://neraex.pro/,Japan,2017-01-01,2018-06-02 00:00:00,0,1,No,8096.5800925432,Lag,0.0
164,FreiExchange,freiexchange,https://freiexchange.com,Norway,2016-01-01,2018-06-02 00:00:00,0,0,No,13210.646983354316,Recently,13210.646983354316
168,COSS,coss,https://www.coss.io/,Singapore,2017-01-01,2018-06-08 00:00:00,0,0,No,0.0,Recently,0.0
171,Upbit,upbit,https://upbit.com/,South Korea,2017-01-01,2018-06-12 00:00:00,0,1,No,1449720003.787763,Recently,1044619352.541195
177,Bitmart,bitmart,https://www.bitmart.com,Cayman Islands,2017-01-01,2018-07-11 00:00:00,1,0,No,703421378.2986631,Recently,356221791.2427599
178,Coinhub,coinhub,https://coinhub.io,Singapore,,2018-07-11 00:00:00,0,0,No,57922.72687616913,Lag,57922.72687616913
180,BitForex,bitforex,https://bitforex.com,Seychelles,2018-01-01,2018-07-13 00:00:00,1,0,No,818926449.8479202,Recently,136141698.24630725
187,Coinbase Pro,coinbase,https://www.coinbase.com/,"San Francisco, California, United States",2012-06-20,2018-07-14 00:00:00,0,1,No,2139769997.0833592,Recently,4038411500.956237
190,DigiFinex,digifinex,https://www.digifinex.com/,Seychelles,2018-01-01,2018-07-18 00:00:00,1,0,No,1917118536.1426866,Recently,404402694.76613104
191,Kryptono,kryptono,https://kryptono.exchange,SINGAPORE,2018-01-01,2018-09-19 00:00:00,1,0,No,0.0,Lag,0.0
193,CPDAX,cpdax,https://www.cpdax.com/,South Korea,2013-01-01,2018-09-20 00:00:00,0,1,No,1894.1253901812468,Lag,1894.1253901812468
194,BiteBTC,bitebtc,https://bitebtc.com,Singapore,2017-01-01,2018-09-20 00:00:00,0,1,No,0.0,Lag,0.0
195,Instant Bitex,instantbitex,https://instantbitex.com/,United Kingdom,2018-01-01,2018-09-20 00:00:00,1,0,No,302777.38421354,Lag,302777.38421354
197,Allbit,allbit,https://allbit.com/,South Korea,2018-01-01,2018-09-20 00:00:00,0,0,No,0.0,Recently,0.0
198,TDAX,tdax,https://tdax.com/,Thailand,,2018-09-20 00:00:00,0,1,No,317977.97860092804,Recently,0.0
200,Coinsuper,coinsuper,https://www.coinsuper.com/,Hong Kong,2017-01-01,2018-09-21 00:00:00,0,1,No,15534691.462996943,Recently,1752454.412131842
201,IDCM,idcm,https://www.idcm.io/,Hong Kong,2017-01-01,2018-09-21 00:00:00,1,0,No,1151551564.943073,Lag,1956918.2937497292
204,Tokenomy,tokenomy,https://tokenomy.com/,Singapore,2018-01-01,2018-10-12 00:00:00,0,0,No,686582.357941885,Recently,686582.357941885
205,CoinFalcon,coinfalcon,https://coinfalcon.com/,United Kingdom,2017-01-01,2018-10-12 00:00:00,0,1,No,351.7480065420488,Recently,351.7480065420488
206,TOPBTC,topbtc,https://topbtc.com/,Malta,2017-01-01,2018-10-12 00:00:00,1,0,No,449660214.54481983,Recently,381111.1326270795
209,Bitrue,bitrue,https://www.bitrue.com/,Singapore,2018-01-01,2018-10-12 00:00:00,1,0,No,1788167829.7586358,Recently,285010714.26916075
211,CoinsBank,coinsbank,https://coinsbank.com/,Estonia,,2018-10-12 00:00:00,0,1,No,0.0,Recently,0.0
215,Coindelta,coindelta,https://coindelta.com/,Indian,2017-01-01,2018-10-27 00:00:00,0,1,No,2597.685379138373,NA,2597.685379138373
217,Safe.Trade,safe.trade,https://www.safe.trade/,Canada,2018-01-01,2018-11-26 00:00:00,0,0,No,19541.74824613944,Recently,19541.74824613944
218,Raisex,raisex,https://www.raisex.io/,Malta,2017-01-01,2018-12-14 00:00:00,0,0,No,5378315.560273007,Lag,5378315.560273007
220,Graviex,graviex,https://graviex.net/,Russia,2017-01-01,2018-12-18 00:00:00,0,0,No,132014.97441826374,Recently,132014.97441826374
222,BW,bw.com,https://www.bw.com/,Australia,2017-01-01,2019-01-17 00:00:00,1,0,No,49341591.45730736,Recently,325277.0062723168
223,Coineal,coineal,https://www.coineal.com/,Seychelles,2018-01-01,2019-01-17 00:00:00,1,0,No,62510372.77809199,Recently,746373.9672191627
224,Coinmex,coinmex,https://www.coinmex.com/,Belize,2018-01-01,2019-01-17 00:00:00,1,0,No,0.0,Lag,0.0
225,TOKOK,tokok,https://www.tokok.com/,British Virgin Islands,2018-01-01,2019-01-17 00:00:00,1,0,No,326655389.3766731,Recently,414673.2274409592
227,GDAC,gdac,https://www.gdac.com,South Korea,2018-01-01,2019-01-17 00:00:00,0,1,No,800911.3292646271,Recently,800911.3292646271
228,Cryptology,cryptology,https://cryptology.com/,Singapore,2018-01-01,2019-01-17 00:00:00,0,1,No,30932721.744209845,Recently,1052105.585192726
229,WazirX,wazirx,https://wazirx.com/,India,2018-01-01,2019-01-17 00:00:00,1,0,No,49088727.638911374,Recently,91434641.89040974
230,P2PB2B,p2pb2b,https://p2pb2b.io/,Estonia,2018-01-01,2019-01-17 00:00:00,0,1,No,560729564.727823,Recently,33275846.593768887
231,BitexLive,bitexlive,https://bitexlive.com,Turkey,,2019-01-23 00:00:00,1,0,No,34329.1085944057,Lag,34329.1085944057
232,3XBIT,3xbit,https://www.3xbit.com.br/,Brazil,,2019-01-26 00:00:00,0,0,No,940.70329211409,Lag,940.70329211409
236,AltMarkets,altmarkets,https://altmarkets.io/,UK,2018-07-01,2019-02-01 00:00:00,0,0,No,0.0,Lag,0.0
237,Cratex,cratex,https://cratex.io,Turkey,2018-09-01,2019-02-07 00:00:00,0,0,No,644.6068912735278,Recently,644.6068912735278
241,ChainEx,chainex,https://www.chainex.io,South African,2018-01-01,2019-02-15 00:00:00,1,1,No,47.34233885481,Recently,47.34233885481
242,OMGFIN,omgfin,https://omgfin.com,"Estonia, EU",2018-10-10,2019-02-15 00:00:00,1,0,No,58932137.63854876,Recently,6973101.189127003
243,AlphaEX,alphaex,https://alphaex.net/,Malta,2017-01-01,2019-02-16 00:00:00,1,0,No,0.0,Recently,0.0
244,Bkex,bkex,https://www.bkex.com/,British Virgin Islands,2018-01-01,2019-04-14 00:00:00,1,0,No,1390497800.3677907,Recently,87505702.90818311
245,Dcoin,dcoin,https://www.dcoin.com/,Switzerland,2018-01-01,2019-04-14 00:00:00,1,0,No,509875740.8950496,Recently,16304121.853049833
246,Coinlim,coinlim,https://www.coinlim.com/,Singapore,2018-01-01,2019-04-14 00:00:00,1,0,No,80135373.40269974,Lag,0.0
249,ZBG,zbg,https://www.zbg.com,Hong Kong,2018-07-01,2019-04-22 00:00:00,1,0,No,5330001183.929456,Recently,233650956.40388685
254,Anycoin Direct,anycoindirect,https://anycoindirect.eu,Netherlands,,2019-05-28 00:00:00,0,1,No,432706.53526944946,Recently,432706.53526944946
258,Huobi Korea,huobi-korea,https://www.huobi.co.kr/,Korea,,2019-08-27 00:00:00,1,1,Yes,526196073.4663211,Lag,814764.700141878
461,Yunex.io,yunex-io,https://yunex.io/,British Virgin Islands,2018-01-01,2019-09-10 03:16:18,1,0,No,8794477.931421848,Lag,8794477.931421848
462,Vbitex,vbitex,http://www.vbitex.com,Seychelles,2017-01-01,2019-09-10 03:16:19,0,0,No,0.0,NA,0.0
463,IQFinex,iqfinex,https://www.iqfinex.com/,Switzerland,2018-01-01,2019-09-10 03:16:21,0,0,No,0.0,Lag,0.0
464,Daybit,daybit,https://daybit.com,South Korea,2018-01-01,2019-09-10 03:16:22,0,0,No,3100.5710513204704,Lag,0.0
465,Coinpark,coinpark,https://www.coinpark.com/,China,2018-01-01,2019-09-10 03:16:24,1,0,No,49217782.7585805,Recently,49217782.7585805
466,FCoin,fcoin,https://www.fcoin.com/,China,2018-01-01,2019-09-10 03:16:25,1,0,No,5142.7777247799995,Lag,0.0
467,Newdex,newdex,https://newdex.io/,Cayman Islands,2018-01-01,2019-09-10 03:16:26,0,0,No,29465.737197656832,Recently,29465.737197656832
468,Bitsonic,bitsonic,https://bitsonic.co.kr,South Korea,2018-01-01,2019-09-10 03:16:28,0,0,No,903139.4201848435,Lag,0.0
469,CITEX,citex,https://www.citex.co.kr/#/home,South Korea,2018-01-01,2019-09-10 03:16:29,1,0,No,6914276587.295528,Lag,975836549.5670003
470,qTrade,qtrade,https://qtrade.io,United States,,2019-09-10 03:16:31,0,0,No,57144.28311592741,Recently,57144.28311592741
471,Swiftex,swiftex,https://trade.swiftex.co,United Kingdom,2018-01-01,2019-09-10 03:16:32,0,0,No,0.0,Lag,0.0
472,CoinAll,coinall,https://www.coinall.com/,Hong Kong,2014-01-01,2019-09-10 03:16:34,1,0,No,3154522.5285975467,Lag,3154522.5285975467
473,Bgogo,bgogo,https://bgogo.com/,Cayman Islands,2018-01-01,2019-09-10 03:16:35,1,0,No,4481802.720870688,Recently,4481802.720870688
474,COINBIG,coinbig,https://www.coinbig.org/,Cayman Islands,2017-01-01,2019-09-10 03:16:37,1,0,No,48904560.622389615,Lag,48904560.622389615
475,BitRabbit,bitrabbit,https://bitrabbit.com/,Australia,,2019-09-10 03:16:38,1,0,No,0.0,Lag,0.0
476,Tideal,tideal,https://tideal.com/,Hong Kong,2018-01-01,2019-09-10 03:16:39,0,0,No,0.0,NA,0.0
477,Vinex,vinex,https://vinex.network,Singapore,2018-01-01,2019-09-10 03:16:41,0,0,No,193045.02812978692,Lag,193045.02812978692
478,ExMarkets,exmarkets,https://exmarkets.com,British Virgin Islands,2018-01-01,2019-09-10 03:16:42,0,1,No,134581372.37470573,Recently,5415253.516687251
479,AlterDice,alterdice,https://alterdice.com/,Singapore,2018-01-01,2019-09-10 03:16:44,1,1,No,25487292.625346918,Recently,25487292.625346918
480,Coinplace,coinplace,https://coinplace.pro/,United Arab Emirates,2018-01-01,2019-09-10 03:16:45,0,0,No,0.0,Lag,0.0
481,Txbit,txbit,https://txbit.io/,Netherlands,2019-01-01,2019-09-10 03:16:46,0,0,No,1282022.4178742196,Recently,1282022.4178742196
482,BOA Exchange,boa-exchange,https://www.boaexchange.com/,Romania,2018-01-01,2019-09-10 03:16:48,0,0,No,0.0,Lag,0.0
483,Catex,catex,https://www.catex.io/,China,2018-01-01,2019-09-10 03:16:49,1,0,No,38080458.96980755,Recently,1262999.146101636
484,Cashierest,cashierest,https://www.cashierest.com,South Korea,2018-01-01,2019-09-10 03:16:51,1,0,No,180.41969268769,Lag,0.0
485,Bamboo Relay,bamboo-relay,https://bamboorelay.com/,Australia,2017-01-01,2019-09-10 03:16:52,0,0,No,1210982299.7074254,Lag,1784734.4781590798
486,Bitoffer,bitoffer,https://www.bitoffer.com/en,Hong Kong,2019-01-01,2019-09-10 03:16:53,1,0,No,14373312.348349659,Recently,14373312.348349659
487,Uniswap V2,uniswap,https://uniswap.exchange,United States,2018-01-01,2019-09-10 03:16:55,0,0,No,80962749.71829613,Recently,0.0
488,BTCEXA,btcexa,https://btcexa.com/home,Australia,2018-01-01,2019-09-10 03:16:56,1,0,No,0.0,Lag,0.0
489,Birake,birake,https://birake.com,Estonia,2018-01-01,2019-09-10 03:16:58,1,0,No,29716.959649141594,Recently,29716.959649141594
490,KKCoin,kkcoin,https://www.kkcoin.com,Singapore,2017-01-01,2019-09-10 03:16:59,1,0,No,1581386473.630371,Lag,1070533.0373929746
491,ZG.TOP,zg-top,https://www.zgtop.io,Mongolia,2015-01-01,2019-09-10 03:17:01,1,0,No,21334023.45669671,Lag,0.0
493,Vindax,vindax,https://vindax.com/,Vietnam,2019-01-01,2019-09-10 03:17:04,1,0,No,139998187.98449582,Recently,3659625.63004649
494,FUBT,fubt,https://www.fubt.com,Hong Kong,2017-01-01,2019-09-10 03:17:05,1,0,No,0.0,Lag,0.0
495,Bione,bione,https://www.bione.cc/,Singapore,2018-01-01,2019-09-10 03:17:06,1,0,No,6360.998070658145,Recently,0.0
496,Biki,biki,https://www.biki.com,Singapore,2018-01-01,2019-09-10 03:17:08,1,0,No,258120.42189957254,Lag,258120.42189957254
497,WhaleEx,whaleex,https://www.whaleex.com/,Singapore,2018-01-01,2019-09-10 03:17:09,1,0,No,194279845.13737062,Lag,194279845.13737062
498,TRXMarket,trxmarket,https://trx.market/,China,2018-01-01,2019-09-10 03:17:11,1,0,No,17.6736,Recently,0.0
500,ABCC,abcc,https://abcc.com/,Singapore,2018-01-01,2019-09-10 03:17:14,1,0,No,255484424.97035947,Recently,1597966.8872473044
501,XT,xt,https://www.xt.com/,Seychelles,2018-01-01,2019-09-10 03:17:15,1,0,No,292420840.68560976,Recently,114040712.21054718
502,Coinzest,coinzest,https://www.coinzest.co.kr,South Korea,2018-01-01,2019-09-10 03:17:16,0,0,No,1735531.5445681887,NA,0.0
503,Hubi,hubi,https://www.hubi.com/,Hong Kong,2018-01-01,2019-09-10 03:17:18,1,0,No,234424375.21139288,Lag,0.0
504,Whitebit,whitebit,https://whitebit.com,Estonia,2018-01-01,2019-09-10 03:17:19,1,1,No,780154298.2097884,Recently,31136680.167649
505,EXNCE,exnce,https://exnce.com/,Estonia,2019-01-01,2019-09-10 03:17:20,0,0,No,0.00076557747825,Lag,0.00076557747825
506,CBX,cbx,https://www.cbx.one,United Arab Emirates,2018-01-01,2019-09-10 03:17:22,1,0,No,32231987.236625303,Recently,32231987.236625303
507,Coinfinit,coinfinit,https://www.coinfinit.com/,South Korea,2019-01-01,2019-09-10 03:17:23,0,0,No,2455.4907630911484,Lag,2455.4907630911484
508,BitAsset,bitasset,https://www.bitasset.com,Hong Kong,2018-01-01,2019-09-10 03:17:25,1,1,No,993513764.8779197,Lag,993513764.8779197
509,SatowalletEx,satowalletex,https://satowallet.com,United Arab Emirates,2017-01-01,2019-09-10 03:17:26,1,0,No,5998.603349833564,NA,0.0
510,Tokpie,tokpie,https://tokpie.io/,Hong Kong,2018-01-01,2019-09-10 03:17:27,0,0,No,128283201.84745471,Recently,685064.8207719143
511,Synthetix Exchange,synthetix-exchange,https://synthetix.exchange,Australia,2018-01-01,2019-09-10 03:17:29,0,0,No,0.0,Recently,0.0
512,SecondBTC,secondbtc,https://secondbtc.com,India,2018-01-01,2019-09-10 03:17:30,1,0,No,29423.442622611,Recently,29423.442622611
513,SatoExchange,satoexchange,https://www.satoexchange.com/,United States,2018-01-01,2019-09-10 03:17:32,0,0,No,4364.83140753201,Recently,4364.83140753201
514,Bithumb Global,bithumb-global,https://www.bithumb.pro/,Seychelles,2019-01-01,2019-09-10 03:17:33,1,0,No,243828027.72543007,Recently,4781906.440930212
515,BitOnBay,bitonbay,https://www.bitonbay.com/,Thailand,2018-01-01,2019-09-10 03:17:35,0,0,No,7564.925410877743,Recently,7564.925410877743
516,Piexgo,piexgo,https://www.piexgo.com/,Singapore,2019-01-01,2019-09-10 03:17:36,1,0,No,0.0,Lag,0.0
517,ZB Mega,zb-mega,https://www.zbm.com,Singapore,2019-01-01,2019-09-10 03:17:38,1,1,No,475761.86698056007,Lag,0.0
518,LocalTrade,localtrade,https://localtrade.cc/,United Kingdom,2017-01-01,2019-09-10 03:17:39,1,1,No,41735512.32211912,Lag,1345317.4705649489
519,Bitsdaq,bitsdaq,https://bitsdaq.com/,Hong Kong,2019-01-01,2019-09-10 03:17:41,1,0,No,37124815.24475236,Lag,37124815.24475236
520,Bitalong,bitalong,https://www.bitalong.com/,Hong Kong,2017-01-01,2019-09-10 03:17:42,1,0,No,112356.89065843957,Lag,112356.89065843957
521,Dflow,dflow,https://dflowx.com,Estonia,2019-01-01,2019-09-10 03:17:43,1,0,No,190848.63129169002,Lag,0.0
523,Dex-Trade,dex-trade,https://dex-trade.com/,Chile,2019-01-01,2019-09-10 03:17:46,1,0,No,85689254.33318456,Recently,2833282.678408804
524,Bitsten,bitsten,https://bitsten.com/,Indonesia,2017-01-01,2019-09-10 03:17:47,0,0,No,0.0,Recently,0.0
525,DigitalPrice,digitalprice,https://digitalprice.io/,Italy,2018-01-01,2019-09-10 03:17:49,0,0,No,0.0,Lag,0.0
526,Oceanex,oceanex,https://oceanex.pro,Cayman Islands,2018-01-01,2019-09-10 03:17:50,1,0,No,49518676.05148443,Recently,49518676.05148443
527,CoinFLEX,coinflex,https://coinflex.com/,Seychelles,2019-01-01,2019-09-10 03:17:52,1,0,No,1668.36085,Lag,1668.36085
528,COINX.PRO,coinx-pro,https://www.coinx.pro/index,Seychelles,2017-01-01,2019-09-10 03:17:53,1,0,No,0.0,Lag,0.0
529,Nexybit,nexybit,https://nexybit.com,South Korea,2018-01-01,2019-09-10 03:17:55,1,0,No,0.0,Lag,0.0
530,Bithumb Singapore,bithumb-singapore,https://www.bithumbsg.com/,Singapore,2018-01-01,2019-09-10 03:17:56,0,0,No,36810.4763930762,Lag,0.0
531,BitoPro,bitopro,https://www.bitopro.com/,Taiwan,2018-01-01,2019-09-10 03:17:57,1,0,No,312432.12247218285,Recently,312432.12247218285
532,6x,6x,https://www.6x.com,Singapore,2018-01-01,2019-09-10 03:17:59,1,0,No,3946316.75618954,Lag,0.0
533,Coinzo,coinzo,https://www.coinzo.com,Turkey,2018-01-01,2019-09-10 03:18:00,0,0,No,1595.0095549535256,Lag,1595.0095549535256
535,FinanceX,financex,https://financex.io,Singapore,2018-01-01,2019-09-10 03:18:03,1,0,No,0.0,Lag,0.0
537,Chainrift,chainrift,https://www.chainrift.com/,United States,,2019-09-10 03:18:06,0,0,No,12448.54305180998,Lag,0.0
538,ExtStock,extstock,https://extstock.com/,United Kingdom,2018-01-01,2019-09-10 03:18:07,0,1,No,159063741.25755566,Lag,0.0
539,Gibraltar Blockchain Exchange,gibraltar-blockchain-exchange,https://exchange.gbx.gi,Gibraltar,2018-01-01,2019-09-10 03:18:09,0,1,No,1017.0737664137,Lag,0.0
540,BitStorage,bitstorage,https://bitstorage.finance/,Seychelles,2018-01-01,2019-09-10 03:18:10,1,0,No,6319713.447130277,Recently,6319713.447130277
541,Hb.top,hb-top,https://www.hb.top/,Hong Kong,2017-01-01,2019-09-10 03:18:12,1,0,No,216397173.35581273,NA,0.0
542,CCXCanada,ccxcanada,https://ccxcanada.com/,Canada,2017-01-01,2019-09-10 03:18:13,1,0,No,0.0,Lag,0.0
543,OKEx Korea,okex-korea,https://okex.co.kr/,South Korea,2017-01-01,2019-09-10 03:18:14,1,0,No,38089.87547999146,Lag,38089.87547999146
544,BITBOX,bitbox,https://www.bitbox.me/,Singapore,2018-01-01,2019-09-10 03:18:16,1,0,No,7423333.196446278,Recently,0.0
547,ZT,zt.com,https://www.zt.com/,Cayman Islands,2018-01-01,2019-10-20 00:00:00,1,0,Yes,3922571849.1308036,Lag,1318932.809973973
548,Pars Exchange,pars-exchange,https://parsxc.com,Iran,2019-10-20,2019-12-12 00:00:00,1,0,No,131035.93039857318,Lag,0.0
550,Tagz,tagz,https://tagz.com/,Australia,,2019-12-21 00:00:00,1,0,No,1807092.1363940916,Lag,0.0
555,Radar Relay,radar-relay,https://radarrelay.com/,United States,2017-01-01,2020-06-17 01:38:30,0,0,No,102230.27608123374,Lag,0.0
556,Coindeal,coindeal,https://coindeal.com/,Malta,2018-01-01,2020-06-17 01:38:31,1,1,No,35846615.90118285,Recently,357292.6241383617
557,StakeCube Exchange,stakecube-exchange,https://stakecube.net/app/exchange/,Germany,2019-01-01,2020-06-17 01:38:32,0,0,No,0.0,Lag,0.0
558,Unnamed,unnamed,https://www.unnamed.exchange/,United Kingdom,2019-01-01,2020-06-17 01:38:33,1,0,No,297.475212327917,Lag,297.475212327917
559,Hanbitco,hanbitco,https://www.hanbitco.com,South Korea,2017-01-01,2020-06-17 01:38:35,1,0,No,720907.6970907007,Lag,720907.6970907007
561,Lukki,lukki,https://lukki.io/,Cayman Islands,2018-01-01,2020-06-17 01:38:37,1,0,No,0.0,Lag,0.0
562,ZG.com,zg-com,https://www.zg.com/,Cayman Islands,,2020-06-17 01:38:39,1,0,No,5122649614.171121,Lag,702368532.6967267
563,Bitcoin.com,bitcoin-com,https://exchange.bitcoin.com/,Bahamas,2019-01-01,2020-06-17 01:38:40,0,1,No,2028314625.2402587,Lag,561610048.9913613
564,Cryptlocex,cryptlocex,https://www.cryptlocex.com,Mexico,2019-01-01,2020-06-17 01:38:41,1,0,No,0.0,NA,0.0
565,Bibo,bibo,https://www.bibo.gold/,Estonia,2018-01-01,2020-06-17 01:38:42,1,0,No,1.242485,Recently,0.0
566,Bitcratic,bitcratic,https://www.bitcratic.com/,India,2018-01-01,2020-06-17 01:38:44,0,0,No,0.004001332882641071,Recently,0.004001332882641071
568,BTSE,btse,https://www.btse.com/en/home/,United Arab Emirates,2018-01-01,2020-06-17 01:38:46,0,1,No,171782296.88049462,Recently,822444.7277811479
569,Resfinex,resfinex,https://resfinex.com/,British Virgin Islands,2019-01-01,2020-06-17 01:38:48,1,0,No,94686333.84301521,Recently,94686333.84301521
570,HPX,hpx,https://www.hpx.com/,Australia,2018-01-01,2020-06-17 01:38:49,1,0,No,19828645.786685612,Lag,0.0
571,Indoex,indoex,https://indoex.io,Estonia,2018-01-01,2020-06-17 01:38:50,1,1,No,3265702813.3911324,Recently,198300310.92926833
572,Bitmesh,bitmesh,https://bitmesh.com/,Seychelles,,2020-06-17 01:38:51,0,0,No,0.0,NA,0.0
573,Tokenlon,tokenlon,https://tokenlon.im/instant,British Virgin Islands,2019-01-01,2020-06-17 01:38:53,1,0,No,19970507.496235143,Recently,19970507.496235143
574,Velic,velic,https://www.velic.io/,Singapore,2018-01-01,2020-06-17 01:38:54,1,0,No,6429.18836864,Recently,6429.18836864
575,Eterbase,eterbase,https://eterbase.exchange,Slovakia,2019-01-01,2020-06-17 01:38:55,1,1,No,27.877563546,Lag,27.877563546
577,Upbit Indonesia ,upbit-indonesia,https://id.upbit.com/home,Indonesia,2018-01-01,2020-06-17 01:38:57,1,0,No,107128927.9501527,Recently,77193493.26858301
578,Max Maicoin,max-maicoin,https://max.maicoin.com,Taiwan,,2020-06-17 01:38:59,1,0,No,3090858.4541879017,Recently,3090858.4541879017
579,FEX,fex,http://fexpro.net/,Hong Kong,2017-01-01,2020-06-17 01:39:00,1,0,No,7755091.00159485,Lag,0.0
580,VCC Exchange,vcc-exchange,https://vcc.exchange,Vietnam,2019-01-01,2020-06-17 01:39:01,1,0,No,165214453.61670804,Recently,583877.8258188302
581,ViteX,vitex,https://vitex.net/,British Virgin Islands,2019-01-01,2020-06-17 01:39:02,1,0,No,355949.7233600919,Recently,355949.7233600919
582,FTX,ftx,https://ftx.com/,Antigua and Barbuda,2019-01-01,2020-06-17 01:39:04,1,1,No,2210032787.1424203,Recently,2599892281.132255
583,Bvnex,bvnex,https://www.bvnex.com/,Vietnam,2018-01-01,2020-06-17 01:39:05,1,0,No,67610888.72171727,Recently,67610888.72171727
587,MercuriEx,mercuriex,https://mercuriex.com,United States,2017-01-01,2020-06-17 01:39:11,1,0,No,0.0,Lag,0.0
589,eToroX,etorox,https://www.etoro.com/crypto/exchange/,Gibraltar,2019-01-01,2020-06-17 01:39:13,1,0,No,29256887.063934937,Recently,119110623.72988862
590,AirSwap,airswap,https://www.airswap.io/,United States,,2020-06-17 01:39:14,0,0,No,0.0,Lag,0.0
591,Tokenize,tokenize,https://tokenize.exchange/,Singapore,2018-01-01,2020-06-17 01:39:16,0,1,No,22751608.774370667,Recently,22751608.774370667
592,Chiliz,chiliz,https://www.chiliz.net,Seychelles,2020-01-01,2020-06-17 01:39:17,0,0,No,342212.47423232114,Recently,342212.47423232114
593,HBTC,hbtc,https://www.hbtc.com/,Malta,2018-01-01,2020-06-17 01:39:18,1,0,No,30425606.722621042,Lag,30425606.722621042
594,BTCNEXT,btcnext,http://www.btcnext.io,Saint Vincent and the Grenadines,,2020-06-17 01:39:20,1,0,No,2412003.7832798976,Lag,2412003.7832798976
596,Currency.com,currency-com,https://exchange.currency.com/,Belarus,2019-01-01,2020-06-17 01:39:22,1,1,No,850767243.9687725,Recently,52822444.87069964
598,Bitci,bitci,https://www.bitci.com/,Turkey,2018-01-01,2020-06-17 01:39:25,0,0,No,5134330.425197398,Lag,5134330.425197398
599,BitLux OTC,bitlux-otc,https://www.bitlux.exchange/,Russia,,2020-07-31 00:00:00,0,1,No,42973215.60600314,Lag,0.0
601,Utorg,utorg,https://utorg.io/en/,United Kingdom,,2020-08-01 00:00:00,1,1,No,0.13232188160803,Lag,0.13232188160803
